Name,tuber_eye_depth
A97066-42,3.03
ACBrador,4.37
AdirondackBlue,3.76
AF2291-10,4.5
AF2376-5,4.5
AF2574-1,3.97
AllBlue,5.17
AlpineRusset,3.03
Alturas,3.03
Andover,3.97
AO96141-3,3.57
AO96160-3,3.03
AO96164-1,3.03
Atlantic,3.97
AWN86514-2,2.5
B1829-5,3.7
BannockRusset,3.03
BeaconChipper,5.03
Bintje,4.16
BlazerRusset,3.29
Boulder,5.97
C31-5-115,5.3
C31-5-120,4.23
C5,4.5
CanelaRusset,3.43
Cascade,3.7
CentennialRusset,3.03
Chieftain,5.01
Chipeta,5.03
Chippewa,4.5
ClassicRusset,3.03
ClearwaterRusset,3.03
CV96022-3,3.3
CV98112-3,3.03
DakotaCrisp,4.23
DakotaDiamond,3.97
DakotaJewel,4.5
DakotaPearl,3.3
DarkRedNorland,3.97
Defender,3.97
Denali,3.3
EarlyRose,5.3
Elba,4.77
Eramosa,3.7
Eva,3.97
Exploits,4.16
F02018,4.5
F58050,4.13
F66041,2.86
F87084,3.7
FreedomRusset,3.03
GarnetChile,6.5
GemStarRusset,3.03
GrandFalls,3.7
GreenMountain,5.7
HighlandRusset,3.57
Hindenburg,5.97
IdaRose,3.83
IncaGold,5.7
IrishCobbler,5.59
IvoryCrisp,3.97
JacquelineLee,3.03
Kalkaska,4.5
Katahdin,4.44
Kennebec,4.5
KeukaGold,3.97
KingHarry(NY131),5.17
KlamathRusset,4.1
LaChipper,4.86
Lamoka(NY139),3.97
Langlade,3.3
Lehigh,3.7
Lelah(W2717-5),3.03
Liberator,4.23
MaineChip,3.7
Marcy,3.43
MegaChip(W1201),5.7
MichiganPurple,4.77
Missaukee(MSJ461-1),4.37
MN02419,3.43
MN02467,3.03
MN02586,3.97
MN15620,3.3
MN18747,3.7
MN19298,4.15
MN19350,3.03
MN19470,4.5
MN96072-4,3.3
MN99380-1,4.5
Modoc,3.7
Monona,5.03
Monticello,4.5
MountainRose,3.03
MSG227-2,3.43
MSH228-6,3.97
MSI005-20Y,4.23
MSJ126-9Y,4.84
MSJ147-1,3.97
MSK061-4,3.03
MSK409-1,3.97
MSL211-3,3.3
MSL268-D,3.43
MSL292-A,4.5
MSL512-6,3.51
MSL766-1,4.89
MSM051-3,4.23
MSM171-A,4.63
MSM182-1,3.97
MSM246-B,3.83
MSN105-1,3.97
MSN191-2Y,3.97
MSN215-2P,4.23
MSP239-1,3.7
MSQ070-1,3.97
MSQ176-5,4.37
MSQ279-1,4.5
MSR061-1,4.23
MSR160-2Y,3.7
MWTX2609-2RU,4.1
ND1215-1,3.97
ND2858-1,3.97
ND8229-3,3.03
ND8555-8R,3.43
ND860-2,3.97
Nicolet(W2133-1),4.5
Norchip,4.5
NorDonna,3.97
Northstar,3.3
NorValley,3.97
Norwis(FL657),5.17
NY115,3.44
NY121,3.97
NY136,3.7
NY140,3.97
NY142,3.97
NYE48-2,3.97
Ontario,3.97
OR00002-7,3.5
OR00068-11,4.1
PA99N82-4,3.84
Patagonia,3.7
PeterWilcox,3.57
Pike,3.97
POR01PG1-6,2.86
POR02PG37-2,3.97
PremierRusset,3.3
PrinceHairy(NY235-4),5.43
PurpleMajesty,3.3
PurplePeruvian,5.57
RangerRusset,3.57
Reba,5.03
RedMaria(NY129),3.97
ReevesKingpin,3.03
Rideau,3.57
RioGrandeRusset,3.03
RochdaleGold-Doree,3.97
Rosa,4.23
RussetBurbank,2.89
RussetNorkotah-S3,3.3
RussetNorkotah-S8,3.03
Salem,3.57
Satina,3.7
Sebago,3.97
SierraGold,3.57
SilvertonRusset,3.03
Snowden,5.43
Superior,5.03
TrailBlazerRusset(ROND95249-Russ),2.77
Tundra(W2310-3),3.97
UmatillaRusset,3.7
V1102-1,3.97
V1115-3,3.83
VillettaRose,3.03
W1151rus,3.03
W2253-5rus,3.03
W2309-7,3.7
W2683-2rus,2.77
W4013-1,3.3
WallowaRusset,3.3
Waneta(NY138),3.3
WesternRusset,3.03
WhitePearl,4.98
Willamette,4
Winema,3.97
YankeeChipper,3.7
YukonGem,3.03
YukonGold,4.5
